[
{
  "model": "targetApp.historicalip",
  "pk": 1,
  "fields": {
    "ip": "44.228.249.3",
    "location": "Boardman - United States",
    "owner": "AMAZON-02",
    "last_seen": "AMAZON-02"
  }
},
{
  "model": "targetApp.historicalip",
  "pk": 2,
  "fields": {
    "ip": "18.192.172.30",
    "location": "Frankfurt am Main - Germany",
    "owner": "AMAZON-02",
    "last_seen": "AMAZON-02"
  }
},
{
  "model": "targetApp.historicalip",
  "pk": 3,
  "fields": {
    "ip": "176.28.50.165",
    "location": "Strasbourg - France",
    "owner": "Host Europe GmbH",
    "last_seen": "Host Europe GmbH"
  }
},
{
  "model": "targetApp.historicalip",
  "pk": 4,
  "fields": {
    "ip": "50.116.82.164",
    "location": "United States",
    "owner": "UNIFIEDLAYER-AS-1",
    "last_seen": "UNIFIEDLAYER-AS-1"
  }
},
{
  "model": "targetApp.relateddomain",
  "pk": 1,
  "fields": {
    "name": "2xax.com"
  }
},
{
  "model": "targetApp.relateddomain",
  "pk": 2,
  "fields": {
    "name": "accunetix.com"
  }
},
{
  "model": "targetApp.relateddomain",
  "pk": 3,
  "fields": {
    "name": "acunetix.asia"
  }
},
{
  "model": "targetApp.relateddomain",
  "pk": 4,
  "fields": {
    "name": "acunetix.at"
  }
},
{
  "model": "targetApp.relateddomain",
  "pk": 5,
  "fields": {
    "name": "acunetix.biz"
  }
},
{
  "model": "targetApp.relateddomain",
  "pk": 6,
  "fields": {
    "name": "acunetix.co"
  }
},
{
  "model": "targetApp.relateddomain",
  "pk": 7,
  "fields": {
    "name": "acunetix.com"
  }
},
{
  "model": "targetApp.relateddomain",
  "pk": 8,
  "fields": {
    "name": "acunetix.in"
  }
},
{
  "model": "targetApp.relateddomain",
  "pk": 9,
  "fields": {
    "name": "acunetix.info"
  }
},
{
  "model": "targetApp.relateddomain",
  "pk": 10,
  "fields": {
    "name": "acunetix.jp"
  }
},
{
  "model": "targetApp.relateddomain",
  "pk": 11,
  "fields": {
    "name": "acunetix.net"
  }
},
{
  "model": "targetApp.relateddomain",
  "pk": 12,
  "fields": {
    "name": "acunetix.org"
  }
},
{
  "model": "targetApp.relateddomain",
  "pk": 13,
  "fields": {
    "name": "acunetix.tw"
  }
},
{
  "model": "targetApp.relateddomain",
  "pk": 14,
  "fields": {
    "name": "bxss.me"
  }
},
{
  "model": "targetApp.relateddomain",
  "pk": 15,
  "fields": {
    "name": "free-security-audit.com"
  }
},
{
  "model": "targetApp.relateddomain",
  "pk": 16,
  "fields": {
    "name": "free-security-scan.com"
  }
},
{
  "model": "targetApp.relateddomain",
  "pk": 17,
  "fields": {
    "name": "mbsa-reporter.com"
  }
},
{
  "model": "targetApp.relateddomain",
  "pk": 18,
  "fields": {
    "name": "mbsareporter.com"
  }
},
{
  "model": "targetApp.relateddomain",
  "pk": 19,
  "fields": {
    "name": "networkdefender.com"
  }
},
{
  "model": "targetApp.relateddomain",
  "pk": 20,
  "fields": {
    "name": "networkdefender.net"
  }
},
{
  "model": "targetApp.relateddomain",
  "pk": 21,
  "fields": {
    "name": "security-analyzer-reporter.com"
  }
},
{
  "model": "targetApp.relateddomain",
  "pk": 22,
  "fields": {
    "name": "sitesecurityaudit.com"
  }
},
{
  "model": "targetApp.relateddomain",
  "pk": 23,
  "fields": {
    "name": "sitesecuritymonitor.com"
  }
},
{
  "model": "targetApp.relateddomain",
  "pk": 24,
  "fields": {
    "name": "sitesecuritymonitor.net"
  }
},
{
  "model": "targetApp.relateddomain",
  "pk": 25,
  "fields": {
    "name": "sql-injection-audit.com"
  }
},
{
  "model": "targetApp.relateddomain",
  "pk": 26,
  "fields": {
    "name": "sql-injection-scan.com"
  }
},
{
  "model": "targetApp.relateddomain",
  "pk": 27,
  "fields": {
    "name": "sqlinjectionscanner.com"
  }
},
{
  "model": "targetApp.relateddomain",
  "pk": 28,
  "fields": {
    "name": "vulnweb.com"
  }
},
{
  "model": "targetApp.relateddomain",
  "pk": 29,
  "fields": {
    "name": "web-security-audit.com"
  }
},
{
  "model": "targetApp.relateddomain",
  "pk": 30,
  "fields": {
    "name": "web-site-defender.com"
  }
},
{
  "model": "targetApp.relateddomain",
  "pk": 31,
  "fields": {
    "name": "web-sitedefender.com"
  }
},
{
  "model": "targetApp.relateddomain",
  "pk": 32,
  "fields": {
    "name": "website-audit.org"
  }
},
{
  "model": "targetApp.relateddomain",
  "pk": 33,
  "fields": {
    "name": "website-defender.com"
  }
},
{
  "model": "targetApp.relateddomain",
  "pk": 34,
  "fields": {
    "name": "websitedefender.asia"
  }
},
{
  "model": "targetApp.relateddomain",
  "pk": 35,
  "fields": {
    "name": "websitedefender.at"
  }
},
{
  "model": "targetApp.relateddomain",
  "pk": 36,
  "fields": {
    "name": "websitedefender.co"
  }
},
{
  "model": "targetApp.relateddomain",
  "pk": 37,
  "fields": {
    "name": "websitedefender.com"
  }
},
{
  "model": "targetApp.relateddomain",
  "pk": 38,
  "fields": {
    "name": "websitesecuritycenter.com"
  }
},
{
  "model": "targetApp.relateddomain",
  "pk": 39,
  "fields": {
    "name": "websitesecuritymonitor.com"
  }
},
{
  "model": "targetApp.relateddomain",
  "pk": 40,
  "fields": {
    "name": "webvulnerabilityscanner.com"
  }
},
{
  "model": "targetApp.registrar",
  "pk": 1,
  "fields": {
    "name": "Eurodns S.A.",
    "phone": "+352.27220150",
    "email": "legalservices@eurodns.com",
    "url": null
  }
},
{
  "model": "targetApp.domainregistration",
  "pk": 1,
  "fields": {
    "name": "Acunetix Acunetix",
    "organization": "Acunetix Ltd",
    "address": "3rd Floor,, J&C Building,, Road Town",
    "city": "Tortola",
    "state": null,
    "zip_code": "VG1110",
    "country": "VG",
    "email": "administrator@acunetix.com",
    "phone": "+1.23456789",
    "fax": null,
    "id_str": null
  }
},
{
  "model": "targetApp.domainregistration",
  "pk": 2,
  "fields": {
    "name": null,
    "organization": null,
    "address": null,
    "city": null,
    "state": null,
    "zip_code": null,
    "country": null,
    "email": null,
    "phone": null,
    "fax": null,
    "id_str": null
  }
},
{
  "model": "targetApp.whoisstatus",
  "pk": 1,
  "fields": {
    "name": "clienttransferprohibited"
  }
},
{
  "model": "targetApp.nameserver",
  "pk": 1,
  "fields": {
    "name": "ns1.eurodns.com"
  }
},
{
  "model": "targetApp.nameserver",
  "pk": 2,
  "fields": {
    "name": "ns2.eurodns.com"
  }
},
{
  "model": "targetApp.nameserver",
  "pk": 3,
  "fields": {
    "name": "ns3.eurodns.com"
  }
},
{
  "model": "targetApp.nameserver",
  "pk": 4,
  "fields": {
    "name": "ns4.eurodns.com"
  }
},
{
  "model": "targetApp.dnsrecord",
  "pk": 1,
  "fields": {
    "name": "44.228.249.3",
    "type": "a"
  }
},
{
  "model": "targetApp.dnsrecord",
  "pk": 2,
  "fields": {
    "name": "v=spf1 -all",
    "type": "txt"
  }
},
{
  "model": "targetApp.dnsrecord",
  "pk": 3,
  "fields": {
    "name": "google-site-verification=4lqorv-lti-d4gpxtbeqwmfnwff7uaazqc9gzvhukbw",
    "type": "txt"
  }
},
{
  "model": "targetApp.domaininfo",
  "pk": 1,
  "fields": {
    "dnssec": false,
    "created": "2010-06-14T00:00:00Z",
    "updated": "2023-05-26T10:04:20Z",
    "expires": "2025-06-13T00:00:00Z",
    "geolocation_iso": "VG",
    "registrar": 1,
    "registrant": 1,
    "admin": 2,
    "tech": 2,
    "whois_server": "whois.eurodns.com",
    "status": [
      1
    ],
    "name_servers": [
      1,
      2,
      3,
      4
    ],
    "dns_records": [
      1,
      2,
      3
    ],
    "related_domains": [
      1,
      2,
      3,
      4,
      5,
      6,
      7,
      8,
      9,
      10,
      11,
      12,
      13,
      14,
      15,
      16,
      17,
      18,
      19,
      20,
      21,
      22,
      23,
      24,
      25,
      26,
      27,
      28,
      29,
      30,
      31,
      32,
      33,
      34,
      35,
      36,
      37,
      38,
      39,
      40
    ],
    "related_tlds": [],
    "similar_domains": [],
    "historical_ips": [
      1,
      2,
      3,
      4
    ]
  }
},
{
  "model": "targetApp.domain",
  "pk": 1,
  "fields": {
    "name": "vulnweb.com",
    "h1_team_handle": "",
    "ip_address_cidr": null,
    "description": "",
    "insert_date": "2024-09-03T21:23:39.098Z",
    "start_scan_date": "2024-09-04T19:29:56.563Z",
    "request_headers": null,
    "domain_info": 1,
    "project": 1
  }
}
]
